JXNU/RNN	1	0.065709	192
JXNU/RNN	2	0.252591	1331
JXNU/RNN	3	0.118576	503
JXNU/RNN	4	0.088342	336
JXNU/RNN	5	0.189381	958
JXNU/RNN	6	0.293241	1529
JXNU/RNN	7	0.263172	1391
JXNU/RNN	8	0.138349	636
JXNU/RNN	9	0.280368	1469
JXNU/RNN	10	0.475865	1984
JXNU/RNN	11	0.111889	467
JXNU/RNN	12	0.275351	1449
JXNU/RNN	13	0.158568	773
JXNU/RNN	14	0.308167	1605
JXNU/RNN	15	0.180027	901
JXNU/RNN	16	0.082160	297
JXNU/RNN	17	0.260110	1378
JXNU/RNN	18	0.051642	115
JXNU/RNN	19	0.202683	1045
JXNU/RNN	20	0.367039	1835
JXNU/RNN	21	0.086661	323
JXNU/RNN	22	0.319100	1651
JXNU/RNN	23	0.294418	1533
JXNU/RNN	24	0.343305	1751
JXNU/RNN	25	0.431645	1946
JXNU/RNN	26	0.074953	246
JXNU/RNN	27	0.031947	24
JXNU/RNN	28	0.209574	1089
JXNU/RNN	29	0.150774	720
JXNU/RNN	30	0.108645	452
JXNU/RNN	31	0.202926	1047
JXNU/RNN	32	0.197549	1016
JXNU/RNN	33	0.104195	427
JXNU/RNN	34	0.255179	1349
JXNU/RNN	35	0.385449	1876
JXNU/RNN	36	0.185058	932
JXNU/RNN	37	0.249879	1317
JXNU/RNN	38	0.168034	827
JXNU/RNN	39	0.068162	207
JXNU/RNN	40	0.126342	559
JXNU/RNN	41	0.124903	549
JXNU/RNN	42	0.053208	125
JXNU/RNN	43	0.310741	1613
JXNU/RNN	44	0.072760	232
JXNU/RNN	45	0.222560	1175
JXNU/RNN	46	0.146018	686
JXNU/RNN	47	0.081949	294
JXNU/RNN	48	0.229398	1204
JXNU/RNN	49	0.340726	1744
JXNU/RNN	50	0.517855	1996
JXNU/RNN	51	0.030710	21
JXNU/RNN	52	0.004134	1
JXNU/RNN	53	0.260367	1379
JXNU/RNN	54	0.248989	1310
JXNU/RNN	55	0.296331	1543
JXNU/RNN	56	0.171074	855
JXNU/RNN	57	0.361455	1816
JXNU/RNN	58	0.148060	701
JXNU/RNN	59	0.169129	841
JXNU/RNN	60	0.141551	662
JXNU/RNN	61	0.218051	1145
JXNU/RNN	62	0.189641	961
JXNU/RNN	63	0.100340	403
JXNU/RNN	64	0.094013	372
JXNU/RNN	65	0.256212	1358
JXNU/RNN	66	0.312373	1618
JXNU/RNN	67	0.155150	749
JXNU/RNN	68	0.217133	1137
JXNU/RNN	69	0.029908	19
JXNU/RNN	70	0.063877	180
JXNU/RNN	71	0.076262	256
JXNU/RNN	72	0.337576	1730
JXNU/RNN	73	0.169456	845
JXNU/RNN	74	0.308131	1602
JXNU/RNN	75	0.298656	1557
JXNU/RNN	76	0.101313	410
JXNU/RNN	77	0.239712	1260
JXNU/RNN	78	0.133202	606
JXNU/RNN	79	0.045276	68
JXNU/RNN	80	0.365784	1830
JXNU/RNN	81	0.049755	95
JXNU/RNN	82	0.127046	561
JXNU/RNN	83	0.254415	1344
JXNU/RNN	84	0.248554	1306
JXNU/RNN	85	0.208878	1084
JXNU/RNN	86	0.074515	243
JXNU/RNN	87	0.106632	435
JXNU/RNN	88	0.287204	1503
JXNU/RNN	89	0.286576	1499
JXNU/RNN	90	0.340591	1743
JXNU/RNN	91	0.091513	353
JXNU/RNN	92	0.216782	1134
JXNU/RNN	93	0.298028	1552
JXNU/RNN	94	0.127971	566
JXNU/RNN	95	0.186736	939
JXNU/RNN	96	0.085508	317
JXNU/RNN	97	0.324649	1680
JXNU/RNN	98	0.048520	90
JXNU/RNN	99	0.176781	884
JXNU/RNN	100	0.231259	1213
JXNU/RNN	101	0.100344	404
JXNU/RNN	102	0.179537	898
JXNU/RNN	103	0.126191	557
JXNU/RNN	104	0.281845	1475
JXNU/RNN	105	0.092400	362
JXNU/RNN	106	0.147237	693
JXNU/RNN	107	0.346873	1764
JXNU/RNN	108	0.296710	1547
JXNU/RNN	109	0.136990	629
JXNU/RNN	110	0.150950	722
JXNU/RNN	111	0.214894	1127
JXNU/RNN	112	0.163717	806
JXNU/RNN	113	0.066036	196
JXNU/RNN	114	0.047119	82
JXNU/RNN	115	0.103570	425
JXNU/RNN	116	0.318589	1648
JXNU/RNN	117	0.220632	1164
JXNU/RNN	118	0.065205	190
JXNU/RNN	119	0.213081	1114
JXNU/RNN	120	0.181178	909
JXNU/RNN	121	0.259255	1377
JXNU/RNN	122	0.384840	1874
JXNU/RNN	123	0.322266	1665
JXNU/RNN	124	0.086748	324
JXNU/RNN	125	0.093554	369
JXNU/RNN	126	0.081757	293
JXNU/RNN	127	0.343632	1754
JXNU/RNN	128	0.188694	954
JXNU/RNN	129	0.075739	252
JXNU/RNN	130	0.242170	1273
JXNU/RNN	131	0.230204	1210
JXNU/RNN	132	0.191874	978
JXNU/RNN	133	0.133439	608
JXNU/RNN	134	0.256650	1362
JXNU/RNN	135	0.304854	1584
JXNU/RNN	136	0.178686	891
JXNU/RNN	137	0.093170	366
JXNU/RNN	138	0.138916	640
JXNU/RNN	139	0.128069	568
JXNU/RNN	140	0.416887	1934
JXNU/RNN	141	0.303655	1579
JXNU/RNN	142	0.101378	411
JXNU/RNN	143	0.157996	768
JXNU/RNN	144	0.330223	1702
JXNU/RNN	145	0.200241	1031
JXNU/RNN	146	0.324726	1681
JXNU/RNN	147	0.315369	1632
JXNU/RNN	148	0.245246	1292
JXNU/RNN	149	0.136822	627
JXNU/RNN	150	0.339397	1740
JXNU/RNN	151	0.308040	1601
JXNU/RNN	152	0.234690	1233
JXNU/RNN	153	0.140747	655
JXNU/RNN	154	0.288644	1509
JXNU/RNN	155	0.066380	198
JXNU/RNN	156	0.183075	917
JXNU/RNN	157	0.057291	148
JXNU/RNN	158	0.225526	1185
JXNU/RNN	159	0.308006	1600
JXNU/RNN	160	0.089218	343
JXNU/RNN	161	0.207287	1073
JXNU/RNN	162	0.243195	1282
JXNU/RNN	163	0.324435	1679
JXNU/RNN	164	0.146604	688
JXNU/RNN	165	0.167729	825
JXNU/RNN	166	0.051844	116
JXNU/RNN	167	0.089235	344
JXNU/RNN	168	0.186267	936
JXNU/RNN	169	0.141285	660
JXNU/RNN	170	0.208506	1080
JXNU/RNN	171	0.252708	1334
JXNU/RNN	172	0.348966	1773
JXNU/RNN	173	0.282496	1477
JXNU/RNN	174	0.064276	184
JXNU/RNN	175	0.213931	1121
JXNU/RNN	176	0.043948	62
JXNU/RNN	177	0.158591	774
JXNU/RNN	178	0.081130	286
JXNU/RNN	179	0.139073	641
JXNU/RNN	180	0.215034	1128
JXNU/RNN	181	0.228935	1203
JXNU/RNN	182	0.196285	1007
JXNU/RNN	183	0.317930	1643
JXNU/RNN	184	0.213205	1117
JXNU/RNN	185	0.077279	263
JXNU/RNN	186	0.021263	7
JXNU/RNN	187	0.019382	6
JXNU/RNN	188	0.234825	1234
JXNU/RNN	189	0.108088	444
JXNU/RNN	190	0.125066	551
JXNU/RNN	191	0.206951	1072
JXNU/RNN	192	0.110799	458
JXNU/RNN	193	0.318762	1649
JXNU/RNN	194	0.205587	1064
JXNU/RNN	195	0.228627	1200
JXNU/RNN	196	0.177004	885
JXNU/RNN	197	0.218146	1146
JXNU/RNN	198	0.144883	678
JXNU/RNN	199	0.357299	1799
JXNU/RNN	200	0.190689	972
JXNU/RNN	201	0.346798	1763
JXNU/RNN	202	0.038698	40
JXNU/RNN	203	0.163924	807
JXNU/RNN	204	0.132299	599
JXNU/RNN	205	0.165817	816
JXNU/RNN	206	0.132457	601
JXNU/RNN	207	0.117482	497
JXNU/RNN	208	0.383999	1872
JXNU/RNN	209	0.268439	1412
JXNU/RNN	210	0.041294	54
JXNU/RNN	211	0.255438	1351
JXNU/RNN	212	0.332351	1709
JXNU/RNN	213	0.225933	1188
JXNU/RNN	214	0.151090	723
JXNU/RNN	215	0.169084	840
JXNU/RNN	216	0.058676	156
JXNU/RNN	217	0.313566	1624
JXNU/RNN	218	0.162581	799
JXNU/RNN	219	0.199808	1029
JXNU/RNN	220	0.155195	752
JXNU/RNN	221	0.040847	51
JXNU/RNN	222	0.325104	1683
JXNU/RNN	223	0.228773	1201
JXNU/RNN	224	0.189383	959
JXNU/RNN	225	0.165268	812
JXNU/RNN	226	0.212768	1109
JXNU/RNN	227	0.285314	1493
JXNU/RNN	228	0.143173	666
JXNU/RNN	229	0.377950	1858
JXNU/RNN	230	0.346639	1762
JXNU/RNN	231	0.241347	1271
JXNU/RNN	232	0.115557	490
JXNU/RNN	233	0.144021	670
JXNU/RNN	234	0.055345	140
JXNU/RNN	235	0.173054	865
JXNU/RNN	236	0.120737	514
JXNU/RNN	237	0.085209	315
JXNU/RNN	238	0.238524	1254
JXNU/RNN	239	0.258851	1373
JXNU/RNN	240	0.043368	61
JXNU/RNN	241	0.574444	2000
JXNU/RNN	242	0.346953	1765
JXNU/RNN	243	0.277773	1459
JXNU/RNN	244	0.332974	1712
JXNU/RNN	245	0.138235	634
JXNU/RNN	246	0.156757	760
JXNU/RNN	247	0.029549	18
JXNU/RNN	248	0.349241	1774
JXNU/RNN	249	0.418876	1935
JXNU/RNN	250	0.128688	573
JXNU/RNN	251	0.124357	541
JXNU/RNN	252	0.250858	1321
JXNU/RNN	253	0.051232	111
JXNU/RNN	254	0.382481	1869
JXNU/RNN	255	0.221307	1167
JXNU/RNN	256	0.261001	1384
JXNU/RNN	257	0.256610	1361
JXNU/RNN	258	0.024898	10
JXNU/RNN	259	0.170728	853
JXNU/RNN	260	0.217308	1140
JXNU/RNN	261	0.146786	690
JXNU/RNN	262	0.089742	346
JXNU/RNN	263	0.038305	39
JXNU/RNN	264	0.081949	295
JXNU/RNN	265	0.395499	1891
JXNU/RNN	266	0.075853	254
JXNU/RNN	267	0.243605	1286
JXNU/RNN	268	0.406286	1914
JXNU/RNN	269	0.333893	1717
JXNU/RNN	270	0.145858	684
JXNU/RNN	271	0.225096	1182
JXNU/RNN	272	0.085559	318
JXNU/RNN	273	0.369619	1841
JXNU/RNN	274	0.053457	127
JXNU/RNN	275	0.189352	957
JXNU/RNN	276	0.189700	963
JXNU/RNN	277	0.128664	572
JXNU/RNN	278	0.088100	334
JXNU/RNN	279	0.111625	463
JXNU/RNN	280	0.408422	1921
JXNU/RNN	281	0.335362	1719
JXNU/RNN	282	0.339104	1737
JXNU/RNN	283	0.316709	1636
JXNU/RNN	284	0.269624	1414
JXNU/RNN	285	0.229685	1207
JXNU/RNN	286	0.202747	1046
JXNU/RNN	287	0.217271	1139
JXNU/RNN	288	0.100336	402
JXNU/RNN	289	0.085876	320
JXNU/RNN	290	0.074703	245
JXNU/RNN	291	0.258098	1368
JXNU/RNN	292	0.167097	823
JXNU/RNN	293	0.182155	914
JXNU/RNN	294	0.220580	1163
JXNU/RNN	295	0.515702	1995
JXNU/RNN	296	0.187537	942
JXNU/RNN	297	0.320903	1661
JXNU/RNN	298	0.276531	1452
JXNU/RNN	299	0.434989	1953
JXNU/RNN	300	0.204668	1058
JXNU/RNN	301	0.274458	1442
JXNU/RNN	302	0.071192	223
JXNU/RNN	303	0.089750	347
JXNU/RNN	304	0.212556	1107
JXNU/RNN	305	0.176419	882
JXNU/RNN	306	0.437077	1955
JXNU/RNN	307	0.132677	604
JXNU/RNN	308	0.055799	141
JXNU/RNN	309	0.343635	1755
JXNU/RNN	310	0.284879	1491
JXNU/RNN	311	0.144416	673
JXNU/RNN	312	0.130804	586
JXNU/RNN	313	0.315304	1631
JXNU/RNN	314	0.231799	1214
JXNU/RNN	315	0.217836	1143
JXNU/RNN	316	0.111168	460
JXNU/RNN	317	0.432727	1950
JXNU/RNN	318	0.353104	1787
JXNU/RNN	319	0.369992	1842
JXNU/RNN	320	0.114663	483
JXNU/RNN	321	0.136145	622
JXNU/RNN	322	0.160753	786
JXNU/RNN	323	0.149446	710
JXNU/RNN	324	0.406392	1915
JXNU/RNN	325	0.148441	704
JXNU/RNN	326	0.339353	1739
JXNU/RNN	327	0.326154	1686
JXNU/RNN	328	0.069051	215
JXNU/RNN	329	0.184703	927
JXNU/RNN	330	0.116669	495
JXNU/RNN	331	0.397191	1895
JXNU/RNN	332	0.157292	762
JXNU/RNN	333	0.153629	736
JXNU/RNN	334	0.175859	877
JXNU/RNN	335	0.203720	1052
JXNU/RNN	336	0.059074	157
JXNU/RNN	337	0.211754	1102
JXNU/RNN	338	0.338889	1734
JXNU/RNN	339	0.138877	639
JXNU/RNN	340	0.149773	715
JXNU/RNN	341	0.294131	1532
JXNU/RNN	342	0.249963	1318
JXNU/RNN	343	0.270289	1417
JXNU/RNN	344	0.068551	210
JXNU/RNN	345	0.126295	558
JXNU/RNN	346	0.236651	1246
JXNU/RNN	347	0.382817	1871
JXNU/RNN	348	0.186692	938
JXNU/RNN	349	0.041073	52
JXNU/RNN	350	0.284210	1488
JXNU/RNN	351	0.180915	908
JXNU/RNN	352	0.240376	1263
JXNU/RNN	353	0.362481	1822
JXNU/RNN	354	0.166230	818
JXNU/RNN	355	0.088934	338
JXNU/RNN	356	0.335959	1721
JXNU/RNN	357	0.192788	981
JXNU/RNN	358	0.154059	739
JXNU/RNN	359	0.188390	951
JXNU/RNN	360	0.289024	1510
JXNU/RNN	361	0.280160	1466
JXNU/RNN	362	0.323103	1672
JXNU/RNN	363	0.130250	580
JXNU/RNN	364	0.211130	1098
JXNU/RNN	365	0.066260	197
JXNU/RNN	366	0.353671	1791
JXNU/RNN	367	0.196259	1005
JXNU/RNN	368	0.081561	291
JXNU/RNN	369	0.254442	1345
JXNU/RNN	370	0.113200	474
JXNU/RNN	371	0.233210	1223
JXNU/RNN	372	0.102421	417
JXNU/RNN	373	0.169517	846
JXNU/RNN	374	0.339092	1736
JXNU/RNN	375	0.098000	388
JXNU/RNN	376	0.155497	753
JXNU/RNN	377	0.170080	850
JXNU/RNN	378	0.329744	1700
JXNU/RNN	379	0.110699	457
JXNU/RNN	380	0.059463	159
JXNU/RNN	381	0.046307	74
JXNU/RNN	382	0.144492	675
JXNU/RNN	383	0.175072	872
JXNU/RNN	384	0.221441	1169
JXNU/RNN	385	0.077181	262
JXNU/RNN	386	0.427799	1944
JXNU/RNN	387	0.351274	1782
JXNU/RNN	388	0.160143	782
JXNU/RNN	389	0.405528	1912
JXNU/RNN	390	0.223423	1177
JXNU/RNN	391	0.124878	548
JXNU/RNN	392	0.062316	174
JXNU/RNN	393	0.243141	1281
JXNU/RNN	394	0.348871	1772
JXNU/RNN	395	0.345852	1760
JXNU/RNN	396	0.145938	685
JXNU/RNN	397	0.222048	1172
JXNU/RNN	398	0.162783	800
JXNU/RNN	399	0.196925	1010
JXNU/RNN	400	0.046516	77
JXNU/RNN	401	0.084446	312
JXNU/RNN	402	0.079246	278
JXNU/RNN	403	0.122544	531
JXNU/RNN	404	0.074458	242
JXNU/RNN	405	0.114280	480
JXNU/RNN	406	0.335622	1720
JXNU/RNN	407	0.273129	1434
JXNU/RNN	408	0.395604	1892
JXNU/RNN	409	0.092088	358
JXNU/RNN	410	0.305290	1589
JXNU/RNN	411	0.273302	1435
JXNU/RNN	412	0.249541	1315
JXNU/RNN	413	0.235604	1238
JXNU/RNN	414	0.069612	220
JXNU/RNN	415	0.266354	1400
JXNU/RNN	416	0.248758	1308
JXNU/RNN	417	0.249199	1311
JXNU/RNN	418	0.288189	1508
JXNU/RNN	419	0.340374	1741
JXNU/RNN	420	0.213603	1119
JXNU/RNN	421	0.072922	234
JXNU/RNN	422	0.292667	1525
JXNU/RNN	423	0.155084	748
JXNU/RNN	424	0.108386	449
JXNU/RNN	425	0.098095	389
JXNU/RNN	426	0.246509	1298
JXNU/RNN	427	0.136338	625
JXNU/RNN	428	0.267245	1406
JXNU/RNN	429	0.249379	1313
JXNU/RNN	430	0.133439	609
JXNU/RNN	431	0.045286	69
JXNU/RNN	432	0.286786	1501
JXNU/RNN	433	0.336152	1723
JXNU/RNN	434	0.148640	706
JXNU/RNN	435	0.244443	1290
JXNU/RNN	436	0.444255	1969
JXNU/RNN	437	0.317128	1638
JXNU/RNN	438	0.355275	1795
JXNU/RNN	439	0.141533	661
JXNU/RNN	440	0.194544	992
JXNU/RNN	441	0.404085	1908
JXNU/RNN	442	0.121985	525
JXNU/RNN	443	0.138661	638
JXNU/RNN	444	0.251225	1323
JXNU/RNN	445	0.160106	781
JXNU/RNN	446	0.318841	1650
JXNU/RNN	447	0.062563	175
JXNU/RNN	448	0.082831	301
JXNU/RNN	449	0.169352	843
JXNU/RNN	450	0.161688	792
JXNU/RNN	451	0.266870	1402
JXNU/RNN	452	0.082539	298
JXNU/RNN	453	0.171395	857
JXNU/RNN	454	0.206599	1070
JXNU/RNN	455	0.049917	97
JXNU/RNN	456	0.077552	268
JXNU/RNN	457	0.232849	1218
JXNU/RNN	458	0.308817	1607
JXNU/RNN	459	0.179698	899
JXNU/RNN	460	0.203377	1049
JXNU/RNN	461	0.318250	1645
JXNU/RNN	462	0.090791	350
JXNU/RNN	463	0.275256	1447
JXNU/RNN	464	0.047936	88
JXNU/RNN	465	0.163210	803
JXNU/RNN	466	0.330726	1704
JXNU/RNN	467	0.168539	834
JXNU/RNN	468	0.080089	282
JXNU/RNN	469	0.267156	1404
JXNU/RNN	470	0.105818	432
JXNU/RNN	471	0.209838	1091
JXNU/RNN	472	0.091999	357
JXNU/RNN	473	0.302857	1573
JXNU/RNN	474	0.083698	306
JXNU/RNN	475	0.296526	1545
JXNU/RNN	476	0.060943	166
JXNU/RNN	477	0.210553	1096
JXNU/RNN	478	0.176519	883
JXNU/RNN	479	0.187640	943
JXNU/RNN	480	0.254622	1347
JXNU/RNN	481	0.173807	867
JXNU/RNN	482	0.096532	382
JXNU/RNN	483	0.050664	107
JXNU/RNN	484	0.032881	25
JXNU/RNN	485	0.255677	1354
JXNU/RNN	486	0.387858	1879
JXNU/RNN	487	0.214705	1126
JXNU/RNN	488	0.199375	1027
JXNU/RNN	489	0.067108	203
JXNU/RNN	490	0.157785	766
JXNU/RNN	491	0.398534	1898
JXNU/RNN	492	0.323180	1673
JXNU/RNN	493	0.047326	84
JXNU/RNN	494	0.241102	1269
JXNU/RNN	495	0.454439	1978
JXNU/RNN	496	0.139394	643
JXNU/RNN	497	0.107260	441
JXNU/RNN	498	0.066595	199
JXNU/RNN	499	0.257988	1367
JXNU/RNN	500	0.168445	833
JXNU/RNN	501	0.119021	504
JXNU/RNN	502	0.168291	831
JXNU/RNN	503	0.198995	1021
JXNU/RNN	504	0.159520	777
JXNU/RNN	505	0.135041	616
JXNU/RNN	506	0.050408	105
JXNU/RNN	507	0.280341	1468
JXNU/RNN	508	0.193265	985
JXNU/RNN	509	0.265893	1399
JXNU/RNN	510	0.317052	1637
JXNU/RNN	511	0.423430	1938
JXNU/RNN	512	0.191847	977
JXNU/RNN	513	0.279229	1462
JXNU/RNN	514	0.260868	1383
JXNU/RNN	515	0.184814	929
JXNU/RNN	516	0.202394	1042
JXNU/RNN	517	0.227759	1196
JXNU/RNN	518	0.101747	414
JXNU/RNN	519	0.151365	725
JXNU/RNN	520	0.329560	1698
JXNU/RNN	521	0.057047	146
JXNU/RNN	522	0.055131	138
JXNU/RNN	523	0.234305	1229
JXNU/RNN	524	0.270374	1418
JXNU/RNN	525	0.125398	553
JXNU/RNN	526	0.208863	1083
JXNU/RNN	527	0.248848	1309
JXNU/RNN	528	0.220714	1165
JXNU/RNN	529	0.300001	1559
JXNU/RNN	530	0.139507	644
JXNU/RNN	531	0.149628	712
JXNU/RNN	532	0.437109	1956
JXNU/RNN	533	0.063703	179
JXNU/RNN	534	0.050543	106
JXNU/RNN	535	0.202441	1043
JXNU/RNN	536	0.119856	509
JXNU/RNN	537	0.138470	637
JXNU/RNN	538	0.172284	862
JXNU/RNN	539	0.077370	265
JXNU/RNN	540	0.224257	1179
JXNU/RNN	541	0.086871	326
JXNU/RNN	542	0.158963	775
JXNU/RNN	543	0.060687	164
JXNU/RNN	544	0.132328	600
JXNU/RNN	545	0.208344	1078
JXNU/RNN	546	0.277988	1460
JXNU/RNN	547	0.153102	733
JXNU/RNN	548	0.347470	1767
JXNU/RNN	549	0.379136	1862
JXNU/RNN	550	0.286674	1500
JXNU/RNN	551	0.092362	361
JXNU/RNN	552	0.052559	120
JXNU/RNN	553	0.037468	38
JXNU/RNN	554	0.079684	279
JXNU/RNN	555	0.194073	990
JXNU/RNN	556	0.295103	1538
JXNU/RNN	557	0.291574	1523
JXNU/RNN	558	0.155730	754
JXNU/RNN	559	0.057331	149
JXNU/RNN	560	0.240624	1266
JXNU/RNN	561	0.065909	195
JXNU/RNN	562	0.360220	1807
JXNU/RNN	563	0.413843	1929
JXNU/RNN	564	0.166805	822
JXNU/RNN	565	0.103060	420
JXNU/RNN	566	0.084573	313
JXNU/RNN	567	0.347423	1766
JXNU/RNN	568	0.367576	1837
JXNU/RNN	569	0.108774	453
JXNU/RNN	570	0.252083	1328
JXNU/RNN	571	0.079987	281
JXNU/RNN	572	0.068825	214
JXNU/RNN	573	0.133698	611
JXNU/RNN	574	0.339291	1738
JXNU/RNN	575	0.318313	1646
JXNU/RNN	576	0.353976	1792
JXNU/RNN	577	0.219934	1159
JXNU/RNN	578	0.211612	1100
JXNU/RNN	579	0.116632	494
JXNU/RNN	580	0.175917	878
JXNU/RNN	581	0.311909	1617
JXNU/RNN	582	0.342231	1746
JXNU/RNN	583	0.284672	1489
JXNU/RNN	584	0.035324	30
JXNU/RNN	585	0.320832	1660
JXNU/RNN	586	0.277671	1458
JXNU/RNN	587	0.259001	1374
JXNU/RNN	588	0.081292	287
JXNU/RNN	589	0.087244	328
JXNU/RNN	590	0.101244	409
JXNU/RNN	591	0.052638	121
JXNU/RNN	592	0.261371	1385
JXNU/RNN	593	0.154385	744
JXNU/RNN	594	0.088020	333
JXNU/RNN	595	0.090211	348
JXNU/RNN	596	0.276430	1451
JXNU/RNN	597	0.114912	485
JXNU/RNN	598	0.102575	418
JXNU/RNN	599	0.149304	709
JXNU/RNN	600	0.320541	1658
JXNU/RNN	601	0.239910	1261
JXNU/RNN	602	0.096162	380
JXNU/RNN	603	0.059540	160
JXNU/RNN	604	0.136903	628
JXNU/RNN	605	0.046518	78
JXNU/RNN	606	0.272562	1432
JXNU/RNN	607	0.355780	1797
JXNU/RNN	608	0.179103	893
JXNU/RNN	609	0.087553	330
JXNU/RNN	610	0.298105	1554
JXNU/RNN	611	0.256574	1360
JXNU/RNN	612	0.238751	1257
JXNU/RNN	613	0.194861	997
JXNU/RNN	614	0.190946	973
JXNU/RNN	615	0.227276	1194
JXNU/RNN	616	0.361302	1815
JXNU/RNN	617	0.072658	230
JXNU/RNN	618	0.349460	1775
JXNU/RNN	619	0.324014	1677
JXNU/RNN	620	0.108286	446
JXNU/RNN	621	0.120501	513
JXNU/RNN	622	0.257786	1366
JXNU/RNN	623	0.160585	785
JXNU/RNN	624	0.101032	408
JXNU/RNN	625	0.115244	487
JXNU/RNN	626	0.263396	1393
JXNU/RNN	627	0.149738	714
JXNU/RNN	628	0.163651	805
JXNU/RNN	629	0.084225	311
JXNU/RNN	630	0.209895	1092
JXNU/RNN	631	0.204390	1056
JXNU/RNN	632	0.174440	868
JXNU/RNN	633	0.225964	1190
JXNU/RNN	634	0.223472	1178
JXNU/RNN	635	0.054667	133
JXNU/RNN	636	0.463523	1981
JXNU/RNN	637	0.130805	587
JXNU/RNN	638	0.169711	848
JXNU/RNN	639	0.302068	1567
JXNU/RNN	640	0.077942	273
JXNU/RNN	641	0.325923	1685
JXNU/RNN	642	0.213942	1122
JXNU/RNN	643	0.216789	1135
JXNU/RNN	644	0.130849	588
JXNU/RNN	645	0.135684	619
JXNU/RNN	646	0.179185	894
JXNU/RNN	647	0.165425	813
JXNU/RNN	648	0.133908	612
JXNU/RNN	649	0.170077	849
JXNU/RNN	650	0.360225	1808
JXNU/RNN	651	0.161938	795
JXNU/RNN	652	0.091574	355
JXNU/RNN	653	0.190390	969
JXNU/RNN	654	0.249391	1314
JXNU/RNN	655	0.269782	1415
JXNU/RNN	656	0.158471	772
JXNU/RNN	657	0.115432	488
JXNU/RNN	658	0.247288	1301
JXNU/RNN	659	0.098470	391
JXNU/RNN	660	0.359000	1803
JXNU/RNN	661	0.108093	445
JXNU/RNN	662	0.064119	183
JXNU/RNN	663	0.239569	1259
JXNU/RNN	664	0.320092	1656
JXNU/RNN	665	0.099493	395
JXNU/RNN	666	0.220767	1166
JXNU/RNN	667	0.308156	1604
JXNU/RNN	668	0.287256	1504
JXNU/RNN	669	0.398301	1897
JXNU/RNN	670	0.455935	1979
JXNU/RNN	671	0.282655	1479
JXNU/RNN	672	0.268376	1411
JXNU/RNN	673	0.029351	16
JXNU/RNN	674	0.243222	1283
JXNU/RNN	675	0.085413	316
JXNU/RNN	676	0.221934	1171
JXNU/RNN	677	0.390010	1880
JXNU/RNN	678	0.232976	1221
JXNU/RNN	679	0.443811	1968
JXNU/RNN	680	0.252305	1329
JXNU/RNN	681	0.294982	1536
JXNU/RNN	682	0.296445	1544
JXNU/RNN	683	0.370483	1844
JXNU/RNN	684	0.353559	1789
JXNU/RNN	685	0.168897	839
JXNU/RNN	686	0.036045	36
JXNU/RNN	687	0.226575	1192
JXNU/RNN	688	0.354402	1793
JXNU/RNN	689	0.536333	1998
JXNU/RNN	690	0.114792	484
JXNU/RNN	691	0.099632	397
JXNU/RNN	692	0.196839	1009
JXNU/RNN	693	0.102837	419
JXNU/RNN	694	0.092850	364
JXNU/RNN	695	0.140112	652
JXNU/RNN	696	0.238038	1251
JXNU/RNN	697	0.297108	1548
JXNU/RNN	698	0.412848	1926
JXNU/RNN	699	0.235263	1236
JXNU/RNN	700	0.253295	1340
JXNU/RNN	701	0.222617	1176
JXNU/RNN	702	0.124430	542
JXNU/RNN	703	0.191269	975
JXNU/RNN	704	0.318360	1647
JXNU/RNN	705	0.151609	727
JXNU/RNN	706	0.284111	1487
JXNU/RNN	707	0.202664	1044
JXNU/RNN	708	0.198869	1020
JXNU/RNN	709	0.179499	897
JXNU/RNN	710	0.199297	1026
JXNU/RNN	711	0.131545	591
JXNU/RNN	712	0.247010	1300
JXNU/RNN	713	0.280172	1467
JXNU/RNN	714	0.206174	1067
JXNU/RNN	715	0.148089	702
JXNU/RNN	716	0.272492	1429
JXNU/RNN	717	0.144732	677
JXNU/RNN	718	0.136299	623
JXNU/RNN	719	0.137673	632
JXNU/RNN	720	0.232520	1216
JXNU/RNN	721	0.087254	329
JXNU/RNN	722	0.188796	956
JXNU/RNN	723	0.336871	1728
JXNU/RNN	724	0.510846	1994
JXNU/RNN	725	0.410311	1923
JXNU/RNN	726	0.270635	1419
JXNU/RNN	727	0.312423	1619
JXNU/RNN	728	0.374961	1853
JXNU/RNN	729	0.403868	1907
JXNU/RNN	730	0.205078	1060
JXNU/RNN	731	0.055112	137
JXNU/RNN	732	0.222517	1174
JXNU/RNN	733	0.065889	194
JXNU/RNN	734	0.352637	1785
JXNU/RNN	735	0.168246	830
JXNU/RNN	736	0.393705	1888
JXNU/RNN	737	0.251991	1327
JXNU/RNN	738	0.289124	1512
JXNU/RNN	739	0.297835	1551
JXNU/RNN	740	0.051243	112
JXNU/RNN	741	0.165808	815
JXNU/RNN	742	0.294800	1534
JXNU/RNN	743	0.206475	1069
JXNU/RNN	744	0.112505	470
JXNU/RNN	745	0.025977	11
JXNU/RNN	746	0.254162	1343
JXNU/RNN	747	0.182824	916
JXNU/RNN	748	0.049885	96
JXNU/RNN	749	0.398785	1899
JXNU/RNN	750	0.302543	1570
JXNU/RNN	751	0.256456	1359
JXNU/RNN	752	0.189463	960
JXNU/RNN	753	0.301865	1566
JXNU/RNN	754	0.175661	876
JXNU/RNN	755	0.174819	870
JXNU/RNN	756	0.271837	1425
JXNU/RNN	757	0.111028	459
JXNU/RNN	758	0.031741	22
JXNU/RNN	759	0.239983	1262
JXNU/RNN	760	0.219214	1155
JXNU/RNN	761	0.050032	100
JXNU/RNN	762	0.237405	1250
JXNU/RNN	763	0.228229	1199
JXNU/RNN	764	0.474005	1983
JXNU/RNN	765	0.218733	1149
JXNU/RNN	766	0.275007	1444
JXNU/RNN	767	0.225481	1184
JXNU/RNN	768	0.155942	756
JXNU/RNN	769	0.323295	1675
JXNU/RNN	770	0.117905	500
JXNU/RNN	771	0.097144	387
JXNU/RNN	772	0.099124	393
JXNU/RNN	773	0.068379	209
JXNU/RNN	774	0.284728	1490
JXNU/RNN	775	0.167141	824
JXNU/RNN	776	0.274138	1440
JXNU/RNN	777	0.119618	508
JXNU/RNN	778	0.129968	579
JXNU/RNN	779	0.056560	143
JXNU/RNN	780	0.099571	396
JXNU/RNN	781	0.073682	237
JXNU/RNN	782	0.046085	72
JXNU/RNN	783	0.171127	856
JXNU/RNN	784	0.173561	866
JXNU/RNN	785	0.108946	454
JXNU/RNN	786	0.123994	537
JXNU/RNN	787	0.225831	1187
JXNU/RNN	788	0.208449	1079
JXNU/RNN	789	0.095165	375
JXNU/RNN	790	0.075836	253
JXNU/RNN	791	0.061101	168
JXNU/RNN	792	0.053574	128
JXNU/RNN	793	0.472526	1982
JXNU/RNN	794	0.213113	1115
JXNU/RNN	795	0.372384	1848
JXNU/RNN	796	0.374799	1851
JXNU/RNN	797	0.121270	520
JXNU/RNN	798	0.218961	1151
JXNU/RNN	799	0.413140	1927
JXNU/RNN	800	0.169388	844
JXNU/RNN	801	0.359726	1805
JXNU/RNN	802	0.228888	1202
JXNU/RNN	803	0.246540	1299
JXNU/RNN	804	0.246453	1296
JXNU/RNN	805	0.351640	1784
JXNU/RNN	806	0.236667	1247
JXNU/RNN	807	0.350630	1780
JXNU/RNN	808	0.210287	1094
JXNU/RNN	809	0.087857	331
JXNU/RNN	810	0.080313	283
JXNU/RNN	811	0.253175	1339
JXNU/RNN	812	0.194774	996
JXNU/RNN	813	0.072599	229
JXNU/RNN	814	0.256004	1356
JXNU/RNN	815	0.213354	1118
JXNU/RNN	816	0.160027	780
JXNU/RNN	817	0.056074	142
JXNU/RNN	818	0.209622	1090
JXNU/RNN	819	0.313790	1625
JXNU/RNN	820	0.396065	1894
JXNU/RNN	821	0.059935	163
JXNU/RNN	822	0.225760	1186
JXNU/RNN	823	0.055109	136
JXNU/RNN	824	0.127978	567
JXNU/RNN	825	0.091515	354
JXNU/RNN	826	0.207775	1075
JXNU/RNN	827	0.182010	911
JXNU/RNN	828	0.098832	392
JXNU/RNN	829	0.122108	527
JXNU/RNN	830	0.252777	1335
JXNU/RNN	831	0.451826	1975
JXNU/RNN	832	0.379164	1863
JXNU/RNN	833	0.144597	676
JXNU/RNN	834	0.208175	1077
JXNU/RNN	835	0.165077	810
JXNU/RNN	836	0.157130	761
JXNU/RNN	837	0.250803	1320
JXNU/RNN	838	0.333073	1713
JXNU/RNN	839	0.336287	1724
JXNU/RNN	840	0.140084	649
JXNU/RNN	841	0.082140	296
JXNU/RNN	842	0.336412	1725
JXNU/RNN	843	0.061435	170
JXNU/RNN	844	0.127321	563
JXNU/RNN	845	0.141249	658
JXNU/RNN	846	0.276054	1450
JXNU/RNN	847	0.130587	584
JXNU/RNN	848	0.356447	1798
JXNU/RNN	849	0.272454	1428
JXNU/RNN	850	0.145151	680
JXNU/RNN	851	0.306196	1593
JXNU/RNN	852	0.234142	1228
JXNU/RNN	853	0.197466	1014
JXNU/RNN	854	0.205249	1062
JXNU/RNN	855	0.305247	1587
JXNU/RNN	856	0.258419	1369
JXNU/RNN	857	0.111410	462
JXNU/RNN	858	0.027397	13
JXNU/RNN	859	0.035078	29
JXNU/RNN	860	0.121575	522
JXNU/RNN	861	0.258536	1370
JXNU/RNN	862	0.283352	1482
JXNU/RNN	863	0.280006	1465
JXNU/RNN	864	0.089014	340
JXNU/RNN	865	0.130631	585
JXNU/RNN	866	0.112846	471
JXNU/RNN	867	0.246459	1297
JXNU/RNN	868	0.238748	1256
JXNU/RNN	869	0.274120	1439
JXNU/RNN	870	0.066691	200
JXNU/RNN	871	0.348558	1771
JXNU/RNN	872	0.128230	569
JXNU/RNN	873	0.234921	1235
JXNU/RNN	874	0.242646	1277
JXNU/RNN	875	0.404473	1910
JXNU/RNN	876	0.196278	1006
JXNU/RNN	877	0.220365	1162
JXNU/RNN	878	0.148050	700
JXNU/RNN	879	0.148276	703
JXNU/RNN	880	0.433295	1951
JXNU/RNN	881	0.077811	270
JXNU/RNN	882	0.063909	181
JXNU/RNN	883	0.185160	934
JXNU/RNN	884	0.064292	185
JXNU/RNN	885	0.301471	1563
JXNU/RNN	886	0.163513	804
JXNU/RNN	887	0.296159	1542
JXNU/RNN	888	0.052867	122
JXNU/RNN	889	0.261381	1386
JXNU/RNN	890	0.272197	1427
JXNU/RNN	891	0.189687	962
JXNU/RNN	892	0.225315	1183
JXNU/RNN	893	0.420335	1936
JXNU/RNN	894	0.279507	1463
JXNU/RNN	895	0.392007	1882
JXNU/RNN	896	0.193350	986
JXNU/RNN	897	0.215915	1131
JXNU/RNN	898	0.100031	401
JXNU/RNN	899	0.265633	1397
JXNU/RNN	900	0.374834	1852
JXNU/RNN	901	0.074234	239
JXNU/RNN	902	0.286141	1495
JXNU/RNN	903	0.157776	765
JXNU/RNN	904	0.307758	1598
JXNU/RNN	905	0.280971	1473
JXNU/RNN	906	0.251951	1326
JXNU/RNN	907	0.049594	93
JXNU/RNN	908	0.154120	741
JXNU/RNN	909	0.109026	455
JXNU/RNN	910	0.153941	738
JXNU/RNN	911	0.154957	747
JXNU/RNN	912	0.140547	654
JXNU/RNN	913	0.158431	771
JXNU/RNN	914	0.322343	1666
JXNU/RNN	915	0.184514	925
JXNU/RNN	916	0.349982	1776
JXNU/RNN	917	0.103295	423
JXNU/RNN	918	0.343431	1753
JXNU/RNN	919	0.065122	187
JXNU/RNN	920	0.133634	610
JXNU/RNN	921	0.312632	1620
JXNU/RNN	922	0.197510	1015
JXNU/RNN	923	0.242425	1274
JXNU/RNN	924	0.155166	751
JXNU/RNN	925	0.323695	1676
JXNU/RNN	926	0.081434	289
JXNU/RNN	927	0.196233	1004
JXNU/RNN	928	0.219746	1158
JXNU/RNN	929	0.169163	842
JXNU/RNN	930	0.090597	349
JXNU/RNN	931	0.302694	1572
JXNU/RNN	932	0.155163	750
JXNU/RNN	933	0.194683	994
JXNU/RNN	934	0.042522	58
JXNU/RNN	935	0.114350	482
JXNU/RNN	936	0.362690	1823
JXNU/RNN	937	0.326407	1687
JXNU/RNN	938	0.293100	1527
JXNU/RNN	939	0.333166	1714
JXNU/RNN	940	0.150526	718
JXNU/RNN	941	0.240566	1264
JXNU/RNN	942	0.191905	979
JXNU/RNN	943	0.150578	719
JXNU/RNN	944	0.214304	1124
JXNU/RNN	945	0.126007	555
JXNU/RNN	946	0.258663	1371
JXNU/RNN	947	0.088528	337
JXNU/RNN	948	0.302493	1569
JXNU/RNN	949	0.296533	1546
JXNU/RNN	950	0.302169	1568
JXNU/RNN	951	0.201990	1038
JXNU/RNN	952	0.353565	1790
JXNU/RNN	953	0.210527	1095
JXNU/RNN	954	0.278643	1461
JXNU/RNN	955	0.083986	308
JXNU/RNN	956	0.297264	1549
JXNU/RNN	957	0.134287	613
JXNU/RNN	958	0.077882	271
JXNU/RNN	959	0.441537	1963
JXNU/RNN	960	0.099810	398
JXNU/RNN	961	0.051475	113
JXNU/RNN	962	0.243081	1280
JXNU/RNN	963	0.038851	41
JXNU/RNN	964	0.245508	1293
JXNU/RNN	965	0.177243	887
JXNU/RNN	966	0.172943	864
JXNU/RNN	967	0.211423	1099
JXNU/RNN	968	0.287366	1505
JXNU/RNN	969	0.050692	108
JXNU/RNN	970	0.196984	1011
JXNU/RNN	971	0.114326	481
JXNU/RNN	972	0.211794	1103
JXNU/RNN	973	0.046590	79
JXNU/RNN	974	0.149806	716
JXNU/RNN	975	0.236217	1242
JXNU/RNN	976	0.298604	1556
JXNU/RNN	977	0.053727	129
JXNU/RNN	978	0.304334	1581
JXNU/RNN	979	0.180206	903
JXNU/RNN	980	0.120481	512
JXNU/RNN	981	0.073584	236
JXNU/RNN	982	0.118026	501
JXNU/RNN	983	0.392439	1885
JXNU/RNN	984	0.116225	492
JXNU/RNN	985	0.338568	1732
JXNU/RNN	986	0.195683	1000
JXNU/RNN	987	0.361116	1812
JXNU/RNN	988	0.242547	1276
JXNU/RNN	989	0.132673	603
JXNU/RNN	990	0.242649	1278
JXNU/RNN	991	0.108313	447
JXNU/RNN	992	0.100725	406
JXNU/RNN	993	0.354644	1794
JXNU/RNN	994	0.108484	450
JXNU/RNN	995	0.121556	521
JXNU/RNN	996	0.328922	1695
JXNU/RNN	997	0.294854	1535
JXNU/RNN	998	0.348173	1770
JXNU/RNN	999	0.233320	1225
JXNU/RNN	1000	0.080450	284
JXNU/RNN	1001	0.449662	1971
JXNU/RNN	1002	0.154129	742
JXNU/RNN	1003	0.111729	465
JXNU/RNN	1004	0.271705	1423
JXNU/RNN	1005	0.539437	1999
JXNU/RNN	1006	0.147839	699
JXNU/RNN	1007	0.236440	1244
JXNU/RNN	1008	0.132045	595
JXNU/RNN	1009	0.081696	292
JXNU/RNN	1010	0.058005	151
JXNU/RNN	1011	0.242837	1279
JXNU/RNN	1012	0.348071	1769
JXNU/RNN	1013	0.166544	820
JXNU/RNN	1014	0.405755	1913
JXNU/RNN	1015	0.369094	1839
JXNU/RNN	1016	0.136485	626
JXNU/RNN	1017	0.358078	1801
JXNU/RNN	1018	0.242521	1275
JXNU/RNN	1019	0.346577	1761
JXNU/RNN	1020	0.271832	1424
JXNU/RNN	1021	0.093860	371
JXNU/RNN	1022	0.093705	370
JXNU/RNN	1023	0.121124	516
JXNU/RNN	1024	0.137943	633
JXNU/RNN	1025	0.290904	1522
JXNU/RNN	1026	0.019059	5
JXNU/RNN	1027	0.154740	746
JXNU/RNN	1028	0.078628	276
JXNU/RNN	1029	0.047219	83
JXNU/RNN	1030	0.442887	1964
JXNU/RNN	1031	0.338750	1733
JXNU/RNN	1032	0.183732	918
JXNU/RNN	1033	0.157341	763
JXNU/RNN	1034	0.233594	1226
JXNU/RNN	1035	0.236856	1248
JXNU/RNN	1036	0.247380	1303
JXNU/RNN	1037	0.202102	1041
JXNU/RNN	1038	0.085830	319
JXNU/RNN	1039	0.305265	1588
JXNU/RNN	1040	0.042331	56
JXNU/RNN	1041	0.123037	533
JXNU/RNN	1042	0.158143	769
JXNU/RNN	1043	0.072395	227
JXNU/RNN	1044	0.076869	261
JXNU/RNN	1045	0.124194	540
JXNU/RNN	1046	0.270838	1420
JXNU/RNN	1047	0.319591	1653
JXNU/RNN	1048	0.331737	1708
JXNU/RNN	1049	0.277162	1455
JXNU/RNN	1050	0.074391	240
JXNU/RNN	1051	0.047996	89
JXNU/RNN	1052	0.322892	1670
JXNU/RNN	1053	0.251576	1325
JXNU/RNN	1054	0.317281	1639
JXNU/RNN	1055	0.249846	1316
JXNU/RNN	1056	0.099216	394
JXNU/RNN	1057	0.122721	532
JXNU/RNN	1058	0.330531	1703
JXNU/RNN	1059	0.255078	1348
JXNU/RNN	1060	0.151319	724
JXNU/RNN	1061	0.205612	1065
JXNU/RNN	1062	0.117174	496
JXNU/RNN	1063	0.044049	64
JXNU/RNN	1064	0.193259	984
JXNU/RNN	1065	0.201039	1035
JXNU/RNN	1066	0.306138	1592
JXNU/RNN	1067	0.271294	1421
JXNU/RNN	1068	0.216834	1136
JXNU/RNN	1069	0.510162	1993
JXNU/RNN	1070	0.431190	1945
JXNU/RNN	1071	0.509609	1992
JXNU/RNN	1072	0.442987	1965
JXNU/RNN	1073	0.305940	1591
JXNU/RNN	1074	0.438003	1958
JXNU/RNN	1075	0.091864	356
JXNU/RNN	1076	0.260439	1380
JXNU/RNN	1077	0.283864	1485
JXNU/RNN	1078	0.080464	285
JXNU/RNN	1079	0.248070	1305
JXNU/RNN	1080	0.360228	1809
JXNU/RNN	1081	0.029346	15
JXNU/RNN	1082	0.183897	920
JXNU/RNN	1083	0.083350	303
JXNU/RNN	1084	0.134448	614
JXNU/RNN	1085	0.077413	267
JXNU/RNN	1086	0.142127	663
JXNU/RNN	1087	0.267617	1410
JXNU/RNN	1088	0.112488	469
JXNU/RNN	1089	0.339041	1735
JXNU/RNN	1090	0.283873	1486
JXNU/RNN	1091	0.192485	980
JXNU/RNN	1092	0.311004	1614
JXNU/RNN	1093	0.231062	1212
JXNU/RNN	1094	0.199286	1024
JXNU/RNN	1095	0.168559	835
JXNU/RNN	1096	0.290762	1521
JXNU/RNN	1097	0.189825	965
JXNU/RNN	1098	0.149106	708
JXNU/RNN	1099	0.064438	186
JXNU/RNN	1100	0.193831	988
JXNU/RNN	1101	0.142579	664
JXNU/RNN	1102	0.089037	342
JXNU/RNN	1103	0.140791	656
JXNU/RNN	1104	0.435803	1954
JXNU/RNN	1105	0.049679	94
JXNU/RNN	1106	0.154155	743
JXNU/RNN	1107	0.117530	498
JXNU/RNN	1108	0.149081	707
JXNU/RNN	1109	0.280642	1471
JXNU/RNN	1110	0.315194	1630
JXNU/RNN	1111	0.132227	598
JXNU/RNN	1112	0.267298	1408
JXNU/RNN	1113	0.351639	1783
JXNU/RNN	1114	0.149545	711
JXNU/RNN	1115	0.316459	1634
JXNU/RNN	1116	0.497053	1991
JXNU/RNN	1117	0.211736	1101
JXNU/RNN	1118	0.362448	1821
JXNU/RNN	1119	0.399254	1901
JXNU/RNN	1120	0.275335	1448
JXNU/RNN	1121	0.132121	597
JXNU/RNN	1122	0.040317	46
JXNU/RNN	1123	0.123558	535
JXNU/RNN	1124	0.289164	1513
JXNU/RNN	1125	0.257434	1365
JXNU/RNN	1126	0.035364	32
JXNU/RNN	1127	0.033084	26
JXNU/RNN	1128	0.150893	721
JXNU/RNN	1129	0.319887	1654
JXNU/RNN	1130	0.325324	1684
JXNU/RNN	1131	0.106936	437
JXNU/RNN	1132	0.096557	383
JXNU/RNN	1133	0.213913	1120
JXNU/RNN	1134	0.256777	1363
JXNU/RNN	1135	0.120045	510
JXNU/RNN	1136	0.135218	617
JXNU/RNN	1137	0.241315	1270
JXNU/RNN	1138	0.128770	574
JXNU/RNN	1139	0.380019	1864
JXNU/RNN	1140	0.197725	1017
JXNU/RNN	1141	0.215612	1129
JXNU/RNN	1142	0.130509	583
JXNU/RNN	1143	0.129364	577
JXNU/RNN	1144	0.416645	1933
JXNU/RNN	1145	0.253834	1341
JXNU/RNN	1146	0.051587	114
JXNU/RNN	1147	0.358167	1802
JXNU/RNN	1148	0.232933	1219
JXNU/RNN	1149	0.157832	767
JXNU/RNN	1150	0.211077	1097
JXNU/RNN	1151	0.179441	896
JXNU/RNN	1152	0.392649	1887
JXNU/RNN	1153	0.249337	1312
JXNU/RNN	1154	0.184800	928
JXNU/RNN	1155	0.092951	365
JXNU/RNN	1156	0.205201	1061
JXNU/RNN	1157	0.077926	272
JXNU/RNN	1158	0.280607	1470
JXNU/RNN	1159	0.172653	863
JXNU/RNN	1160	0.242061	1272
JXNU/RNN	1161	0.259157	1376
JXNU/RNN	1162	0.106071	433
JXNU/RNN	1163	0.264094	1395
JXNU/RNN	1164	0.432445	1947
JXNU/RNN	1165	0.255362	1350
JXNU/RNN	1166	0.273684	1438
JXNU/RNN	1167	0.165653	814
JXNU/RNN	1168	0.489155	1989
JXNU/RNN	1169	0.303331	1577
JXNU/RNN	1170	0.068279	208
JXNU/RNN	1171	0.238432	1252
JXNU/RNN	1172	0.432592	1948
JXNU/RNN	1173	0.105147	429
JXNU/RNN	1174	0.049372	92
JXNU/RNN	1175	0.016264	3
JXNU/RNN	1176	0.218403	1147
JXNU/RNN	1177	0.116251	493
JXNU/RNN	1178	0.187137	941
JXNU/RNN	1179	0.029417	17
JXNU/RNN	1180	0.495713	1990
JXNU/RNN	1181	0.267273	1407
JXNU/RNN	1182	0.175104	873
JXNU/RNN	1183	0.254022	1342
JXNU/RNN	1184	0.166110	817
JXNU/RNN	1185	0.321654	1662
JXNU/RNN	1186	0.095102	374
JXNU/RNN	1187	0.188353	950
JXNU/RNN	1188	0.259082	1375
JXNU/RNN	1189	0.153686	737
JXNU/RNN	1190	0.219153	1152
JXNU/RNN	1191	0.100411	405
JXNU/RNN	1192	0.270084	1416
JXNU/RNN	1193	0.329580	1699
JXNU/RNN	1194	0.157341	764
JXNU/RNN	1195	0.041095	53
JXNU/RNN	1196	0.096920	384
JXNU/RNN	1197	0.021756	8
JXNU/RNN	1198	0.240821	1267
JXNU/RNN	1199	0.398925	1900
JXNU/RNN	1200	0.352654	1786
JXNU/RNN	1201	0.179826	900
JXNU/RNN	1202	0.255633	1353
JXNU/RNN	1203	0.195477	998
JXNU/RNN	1204	0.082763	300
JXNU/RNN	1205	0.319921	1655
JXNU/RNN	1206	0.450112	1973
JXNU/RNN	1207	0.317594	1642
JXNU/RNN	1208	0.184908	930
JXNU/RNN	1209	0.230082	1209
JXNU/RNN	1210	0.367011	1834
JXNU/RNN	1211	0.381720	1867
JXNU/RNN	1212	0.341064	1745
JXNU/RNN	1213	0.302871	1574
JXNU/RNN	1214	0.079831	280
JXNU/RNN	1215	0.195923	1002
JXNU/RNN	1216	0.128918	575
JXNU/RNN	1217	0.127065	562
JXNU/RNN	1218	0.384555	1873
JXNU/RNN	1219	0.295329	1539
JXNU/RNN	1220	0.126646	560
JXNU/RNN	1221	0.266935	1403
JXNU/RNN	1222	0.376714	1857
JXNU/RNN	1223	0.201225	1037
JXNU/RNN	1224	0.264178	1396
JXNU/RNN	1225	0.414638	1930
JXNU/RNN	1226	0.186521	937
JXNU/RNN	1227	0.255857	1355
JXNU/RNN	1228	0.365907	1832
JXNU/RNN	1229	0.209462	1088
JXNU/RNN	1230	0.301573	1564
JXNU/RNN	1231	0.276787	1453
JXNU/RNN	1232	0.233935	1227
JXNU/RNN	1233	0.113136	473
JXNU/RNN	1234	0.033814	28
JXNU/RNN	1235	0.272553	1431
JXNU/RNN	1236	0.406997	1916
JXNU/RNN	1237	0.127541	565
JXNU/RNN	1238	0.124819	547
JXNU/RNN	1239	0.324741	1682
JXNU/RNN	1240	0.200128	1030
JXNU/RNN	1241	0.184213	923
JXNU/RNN	1242	0.214066	1123
JXNU/RNN	1243	0.371034	1846
JXNU/RNN	1244	0.050215	102
JXNU/RNN	1245	0.407534	1918
JXNU/RNN	1246	0.283126	1480
JXNU/RNN	1247	0.283532	1484
JXNU/RNN	1248	0.327199	1689
JXNU/RNN	1249	0.300920	1561
JXNU/RNN	1250	0.219162	1153
JXNU/RNN	1251	0.226606	1193
JXNU/RNN	1252	0.256096	1357
JXNU/RNN	1253	0.103248	422
JXNU/RNN	1254	0.168777	838
JXNU/RNN	1255	0.252595	1332
JXNU/RNN	1256	0.050358	104
JXNU/RNN	1257	0.135945	621
JXNU/RNN	1258	0.089017	341
JXNU/RNN	1259	0.111791	466
JXNU/RNN	1260	0.219596	1157
JXNU/RNN	1261	0.039367	42
JXNU/RNN	1262	0.132925	605
JXNU/RNN	1263	0.104037	426
JXNU/RNN	1264	0.304388	1582
JXNU/RNN	1265	0.144396	672
JXNU/RNN	1266	0.213068	1113
JXNU/RNN	1267	0.156213	759
JXNU/RNN	1268	0.049991	99
JXNU/RNN	1269	0.314321	1626
JXNU/RNN	1270	0.425516	1942
JXNU/RNN	1271	0.287487	1506
JXNU/RNN	1272	0.370458	1843
JXNU/RNN	1273	0.046448	76
JXNU/RNN	1274	0.328536	1692
JXNU/RNN	1275	0.316508	1635
JXNU/RNN	1276	0.161717	793
JXNU/RNN	1277	0.044031	63
JXNU/RNN	1278	0.482474	1986
JXNU/RNN	1279	0.372800	1849
JXNU/RNN	1280	0.530821	1997
JXNU/RNN	1281	0.327303	1690
JXNU/RNN	1282	0.366723	1833
JXNU/RNN	1283	0.078876	277
JXNU/RNN	1284	0.282638	1478
JXNU/RNN	1285	0.126120	556
JXNU/RNN	1286	0.395906	1893
JXNU/RNN	1287	0.282368	1476
JXNU/RNN	1288	0.091117	352
JXNU/RNN	1289	0.057647	150
JXNU/RNN	1290	0.305545	1590
JXNU/RNN	1291	0.180430	904
JXNU/RNN	1292	0.289363	1515
JXNU/RNN	1293	0.440643	1962
JXNU/RNN	1294	0.184927	931
JXNU/RNN	1295	0.074432	241
JXNU/RNN	1296	0.067004	202
JXNU/RNN	1297	0.218566	1148
JXNU/RNN	1298	0.138346	635
JXNU/RNN	1299	0.062139	172
JXNU/RNN	1300	0.357856	1800
JXNU/RNN	1301	0.447598	1970
JXNU/RNN	1302	0.213037	1112
JXNU/RNN	1303	0.112313	468
JXNU/RNN	1304	0.133202	607
JXNU/RNN	1305	0.143732	668
JXNU/RNN	1306	0.221361	1168
JXNU/RNN	1307	0.314512	1628
JXNU/RNN	1308	0.286398	1497
JXNU/RNN	1309	0.139518	645
JXNU/RNN	1310	0.043308	60
JXNU/RNN	1311	0.403618	1906
JXNU/RNN	1312	0.083776	307
JXNU/RNN	1313	0.361522	1817
JXNU/RNN	1314	0.067307	205
JXNU/RNN	1315	0.437903	1957
JXNU/RNN	1316	0.166558	821
JXNU/RNN	1317	0.336703	1727
JXNU/RNN	1318	0.143887	669
JXNU/RNN	1319	0.111723	464
JXNU/RNN	1320	0.252804	1336
JXNU/RNN	1321	0.440618	1961
JXNU/RNN	1322	0.290275	1518
JXNU/RNN	1323	0.053168	124
JXNU/RNN	1324	0.217450	1141
JXNU/RNN	1325	0.262485	1387
JXNU/RNN	1326	0.347485	1768
JXNU/RNN	1327	0.375280	1854
JXNU/RNN	1328	0.172262	861
JXNU/RNN	1329	0.340470	1742
JXNU/RNN	1330	0.228019	1197
JXNU/RNN	1331	0.293787	1531
JXNU/RNN	1332	0.360517	1810
JXNU/RNN	1333	0.184677	926
JXNU/RNN	1334	0.113791	477
JXNU/RNN	1335	0.058165	152
JXNU/RNN	1336	0.135822	620
JXNU/RNN	1337	0.052965	123
JXNU/RNN	1338	0.050235	103
JXNU/RNN	1339	0.387803	1878
JXNU/RNN	1340	0.061262	169
JXNU/RNN	1341	0.101696	413
JXNU/RNN	1342	0.018867	4
JXNU/RNN	1343	0.235916	1240
JXNU/RNN	1344	0.123882	536
JXNU/RNN	1345	0.164457	809
JXNU/RNN	1346	0.322416	1667
JXNU/RNN	1347	0.195687	1001
JXNU/RNN	1348	0.331203	1706
JXNU/RNN	1349	0.168175	828
JXNU/RNN	1350	0.222473	1173
JXNU/RNN	1351	0.197912	1018
JXNU/RNN	1352	0.159723	779
JXNU/RNN	1353	0.424194	1939
JXNU/RNN	1354	0.211941	1104
JXNU/RNN	1355	0.204479	1057
JXNU/RNN	1356	0.306575	1595
JXNU/RNN	1357	0.047361	85
JXNU/RNN	1358	0.068737	211
JXNU/RNN	1359	0.083568	304
JXNU/RNN	1360	0.231006	1211
JXNU/RNN	1361	0.364958	1827
JXNU/RNN	1362	0.334680	1718
JXNU/RNN	1363	0.274494	1443
JXNU/RNN	1364	0.230035	1208
JXNU/RNN	1365	0.140145	653
JXNU/RNN	1366	0.084848	314
JXNU/RNN	1367	0.227485	1195
JXNU/RNN	1368	0.364526	1826
JXNU/RNN	1369	0.122146	529
JXNU/RNN	1370	0.159637	778
JXNU/RNN	1371	0.307976	1599
JXNU/RNN	1372	0.329324	1696
JXNU/RNN	1373	0.092330	360
JXNU/RNN	1374	0.035615	33
JXNU/RNN	1375	0.363823	1825
JXNU/RNN	1376	0.112987	472
JXNU/RNN	1377	0.189751	964
JXNU/RNN	1378	0.093338	367
JXNU/RNN	1379	0.069131	217
JXNU/RNN	1380	0.244084	1287
JXNU/RNN	1381	0.321855	1664
JXNU/RNN	1382	0.361540	1818
JXNU/RNN	1383	0.194559	993
JXNU/RNN	1384	0.324126	1678
JXNU/RNN	1385	0.113937	478
JXNU/RNN	1386	0.194128	991
JXNU/RNN	1387	0.068738	212
JXNU/RNN	1388	0.073490	235
JXNU/RNN	1389	0.232640	1217
JXNU/RNN	1390	0.229664	1206
JXNU/RNN	1391	0.209381	1087
JXNU/RNN	1392	0.095857	379
JXNU/RNN	1393	0.067253	204
JXNU/RNN	1394	0.097100	386
JXNU/RNN	1395	0.087984	332
JXNU/RNN	1396	0.036841	37
JXNU/RNN	1397	0.304950	1585
JXNU/RNN	1398	0.306483	1594
JXNU/RNN	1399	0.392121	1884
JXNU/RNN	1400	0.054852	135
JXNU/RNN	1401	0.413443	1928
JXNU/RNN	1402	0.095405	376
JXNU/RNN	1403	0.031913	23
JXNU/RNN	1404	0.052384	119
JXNU/RNN	1405	0.125065	550
JXNU/RNN	1406	0.374619	1850
JXNU/RNN	1407	0.179399	895
JXNU/RNN	1408	0.274359	1441
JXNU/RNN	1409	0.277486	1457
JXNU/RNN	1410	0.361843	1820
JXNU/RNN	1411	0.188409	952
JXNU/RNN	1412	0.267477	1409
JXNU/RNN	1413	0.161557	790
JXNU/RNN	1414	0.178177	889
JXNU/RNN	1415	0.301814	1565
JXNU/RNN	1416	0.140792	657
JXNU/RNN	1417	0.375298	1855
JXNU/RNN	1418	0.427368	1943
JXNU/RNN	1419	0.236312	1243
JXNU/RNN	1420	0.141249	659
JXNU/RNN	1421	0.154102	740
JXNU/RNN	1422	0.108324	448
JXNU/RNN	1423	0.286268	1496
JXNU/RNN	1424	0.176219	880
JXNU/RNN	1425	0.220307	1161
JXNU/RNN	1426	0.214661	1125
JXNU/RNN	1427	0.092530	363
JXNU/RNN	1428	0.182049	912
JXNU/RNN	1429	0.168713	836
JXNU/RNN	1430	0.309723	1609
JXNU/RNN	1431	0.147262	694
JXNU/RNN	1432	0.305094	1586
JXNU/RNN	1433	0.263999	1394
JXNU/RNN	1434	0.328768	1694
JXNU/RNN	1435	0.283462	1483
JXNU/RNN	1436	0.434293	1952
JXNU/RNN	1437	0.143726	667
JXNU/RNN	1438	0.088985	339
JXNU/RNN	1439	0.361565	1819
JXNU/RNN	1440	0.040682	49
JXNU/RNN	1441	0.197051	1012
JXNU/RNN	1442	0.150365	717
JXNU/RNN	1443	0.047890	87
JXNU/RNN	1444	0.071420	224
JXNU/RNN	1445	0.052111	118
JXNU/RNN	1446	0.180562	906
JXNU/RNN	1447	0.272527	1430
JXNU/RNN	1448	0.186119	935
JXNU/RNN	1449	0.286566	1498
JXNU/RNN	1450	0.161311	788
JXNU/RNN	1451	0.382611	1870
JXNU/RNN	1452	0.411548	1924
JXNU/RNN	1453	0.162003	796
JXNU/RNN	1454	0.263220	1392
JXNU/RNN	1455	0.107368	443
JXNU/RNN	1456	0.332819	1711
JXNU/RNN	1457	0.360883	1811
JXNU/RNN	1458	0.102096	416
JXNU/RNN	1459	0.070705	221
JXNU/RNN	1460	0.145546	681
JXNU/RNN	1461	0.099905	399
JXNU/RNN	1462	0.311644	1616
JXNU/RNN	1463	0.404249	1909
JXNU/RNN	1464	0.337318	1729
JXNU/RNN	1465	0.252607	1333
JXNU/RNN	1466	0.225938	1189
JXNU/RNN	1467	0.075577	251
JXNU/RNN	1468	0.067507	206
JXNU/RNN	1469	0.190534	971
JXNU/RNN	1470	0.071816	225
JXNU/RNN	1471	0.129008	576
JXNU/RNN	1472	0.191547	976
JXNU/RNN	1473	0.146816	691
JXNU/RNN	1474	0.309824	1610
JXNU/RNN	1475	0.121156	519
JXNU/RNN	1476	0.398216	1896
JXNU/RNN	1477	0.065157	188
JXNU/RNN	1478	0.363117	1824
JXNU/RNN	1479	0.065735	193
JXNU/RNN	1480	0.146766	689
JXNU/RNN	1481	0.151665	728
JXNU/RNN	1482	0.368182	1838
JXNU/RNN	1483	0.302610	1571
JXNU/RNN	1484	0.343687	1756
JXNU/RNN	1485	0.361223	1813
JXNU/RNN	1486	0.281517	1474
JXNU/RNN	1487	0.219521	1156
JXNU/RNN	1488	0.154469	745
JXNU/RNN	1489	0.187932	946
JXNU/RNN	1490	0.119083	506
JXNU/RNN	1491	0.042737	59
JXNU/RNN	1492	0.078626	275
JXNU/RNN	1493	0.187090	940
JXNU/RNN	1494	0.399834	1902
JXNU/RNN	1495	0.040316	45
JXNU/RNN	1496	0.068758	213
JXNU/RNN	1497	0.156129	757
JXNU/RNN	1498	0.187845	945
JXNU/RNN	1499	0.125973	554
JXNU/RNN	1500	0.136299	624
JXNU/RNN	1501	0.059227	158
JXNU/RNN	1502	0.217624	1142
JXNU/RNN	1503	0.071027	222
JXNU/RNN	1504	0.122445	530
JXNU/RNN	1505	0.168729	837
JXNU/RNN	1506	0.226001	1191
JXNU/RNN	1507	0.194687	995
JXNU/RNN	1508	0.130331	582
JXNU/RNN	1509	0.077642	269
JXNU/RNN	1510	0.144954	679
JXNU/RNN	1511	0.040543	47
JXNU/RNN	1512	0.196459	1008
JXNU/RNN	1513	0.152490	729
JXNU/RNN	1514	0.217916	1144
JXNU/RNN	1515	0.081537	290
JXNU/RNN	1516	0.263106	1389
JXNU/RNN	1517	0.113786	476
JXNU/RNN	1518	0.385115	1875
JXNU/RNN	1519	0.107317	442
JXNU/RNN	1520	0.075999	255
JXNU/RNN	1521	0.425160	1940
JXNU/RNN	1522	0.086847	325
JXNU/RNN	1523	0.194052	989
JXNU/RNN	1524	0.379064	1860
JXNU/RNN	1525	0.053747	130
JXNU/RNN	1526	0.275059	1445
JXNU/RNN	1527	0.330095	1701
JXNU/RNN	1528	0.027993	14
JXNU/RNN	1529	0.219165	1154
JXNU/RNN	1530	0.236208	1241
JXNU/RNN	1531	0.225070	1181
JXNU/RNN	1532	0.168376	832
JXNU/RNN	1533	0.450321	1974
JXNU/RNN	1534	0.380948	1866
JXNU/RNN	1535	0.243241	1284
JXNU/RNN	1536	0.489001	1987
JXNU/RNN	1537	0.369229	1840
JXNU/RNN	1538	0.298045	1553
JXNU/RNN	1539	0.177882	888
JXNU/RNN	1540	0.322650	1669
JXNU/RNN	1541	0.185058	933
JXNU/RNN	1542	0.372108	1847
JXNU/RNN	1543	0.135254	618
JXNU/RNN	1544	0.299924	1558
JXNU/RNN	1545	0.319272	1652
JXNU/RNN	1546	0.199239	1023
JXNU/RNN	1547	0.200775	1034
JXNU/RNN	1548	0.058169	153
JXNU/RNN	1549	0.139521	646
JXNU/RNN	1550	0.313282	1623
JXNU/RNN	1551	0.208585	1081
JXNU/RNN	1552	0.189937	966
JXNU/RNN	1553	0.258676	1372
JXNU/RNN	1554	0.094389	373
JXNU/RNN	1555	0.048775	91
JXNU/RNN	1556	0.342545	1747
JXNU/RNN	1557	0.205637	1066
JXNU/RNN	1558	0.087078	327
JXNU/RNN	1559	0.056989	144
JXNU/RNN	1560	0.199467	1028
JXNU/RNN	1561	0.163979	808
JXNU/RNN	1562	0.205544	1063
JXNU/RNN	1563	0.086326	322
JXNU/RNN	1564	0.165172	811
JXNU/RNN	1565	0.083624	305
JXNU/RNN	1566	0.213198	1116
JXNU/RNN	1567	0.046777	81
JXNU/RNN	1568	0.128400	570
JXNU/RNN	1569	0.285313	1492
JXNU/RNN	1570	0.124666	545
JXNU/RNN	1571	0.124461	543
JXNU/RNN	1572	0.153077	731
JXNU/RNN	1573	0.054657	132
JXNU/RNN	1574	0.292815	1526
JXNU/RNN	1575	0.295979	1541
JXNU/RNN	1576	0.065203	189
JXNU/RNN	1577	0.040715	50
JXNU/RNN	1578	0.343355	1752
JXNU/RNN	1579	0.139342	642
JXNU/RNN	1580	0.219947	1160
JXNU/RNN	1581	0.044680	66
JXNU/RNN	1582	0.090980	351
JXNU/RNN	1583	0.407212	1917
JXNU/RNN	1584	0.111275	461
JXNU/RNN	1585	0.293782	1530
JXNU/RNN	1586	0.286934	1502
JXNU/RNN	1587	0.203941	1054
JXNU/RNN	1588	0.076552	258
JXNU/RNN	1589	0.332708	1710
JXNU/RNN	1590	0.365256	1828
JXNU/RNN	1591	0.293226	1528
JXNU/RNN	1592	0.107051	439
JXNU/RNN	1593	0.314376	1627
JXNU/RNN	1594	0.432631	1949
JXNU/RNN	1595	0.421996	1937
JXNU/RNN	1596	0.121133	518
JXNU/RNN	1597	0.175130	874
JXNU/RNN	1598	0.207783	1076
JXNU/RNN	1599	0.125319	552
JXNU/RNN	1600	0.124713	546
JXNU/RNN	1601	0.285392	1494
JXNU/RNN	1602	0.376704	1856
JXNU/RNN	1603	0.238518	1253
JXNU/RNN	1604	0.074196	238
JXNU/RNN	1605	0.308515	1606
JXNU/RNN	1606	0.115689	491
JXNU/RNN	1607	0.310523	1612
JXNU/RNN	1608	0.162928	801
JXNU/RNN	1609	0.320680	1659
JXNU/RNN	1610	0.085971	321
JXNU/RNN	1611	0.216684	1133
JXNU/RNN	1612	0.292660	1524
JXNU/RNN	1613	0.039733	44
JXNU/RNN	1614	0.229631	1205
JXNU/RNN	1615	0.232959	1220
JXNU/RNN	1616	0.075011	247
JXNU/RNN	1617	0.328758	1693
JXNU/RNN	1618	0.283258	1481
JXNU/RNN	1619	0.113546	475
JXNU/RNN	1620	0.047755	86
JXNU/RNN	1621	0.188600	953
JXNU/RNN	1622	0.055149	139
JXNU/RNN	1623	0.077291	264
JXNU/RNN	1624	0.195577	999
JXNU/RNN	1625	0.407863	1920
JXNU/RNN	1626	0.033661	27
JXNU/RNN	1627	0.272947	1433
JXNU/RNN	1628	0.392088	1883
JXNU/RNN	1629	0.267164	1405
JXNU/RNN	1630	0.453253	1976
JXNU/RNN	1631	0.380546	1865
JXNU/RNN	1632	0.183771	919
JXNU/RNN	1633	0.248571	1307
JXNU/RNN	1634	0.207316	1074
JXNU/RNN	1635	0.103379	424
JXNU/RNN	1636	0.454255	1977
JXNU/RNN	1637	0.289872	1517
JXNU/RNN	1638	0.121834	524
JXNU/RNN	1639	0.057034	145
JXNU/RNN	1640	0.326510	1688
JXNU/RNN	1641	0.060755	165
JXNU/RNN	1642	0.359937	1806
JXNU/RNN	1643	0.260844	1382
JXNU/RNN	1644	0.180582	907
JXNU/RNN	1645	0.262872	1388
JXNU/RNN	1646	0.280793	1472
JXNU/RNN	1647	0.450002	1972
JXNU/RNN	1648	0.393903	1889
JXNU/RNN	1649	0.190436	970
JXNU/RNN	1650	0.100026	400
JXNU/RNN	1651	0.174964	871
JXNU/RNN	1652	0.088224	335
JXNU/RNN	1653	0.208879	1085
JXNU/RNN	1654	0.212531	1106
JXNU/RNN	1655	0.106748	436
JXNU/RNN	1656	0.234647	1232
JXNU/RNN	1657	0.159064	776
JXNU/RNN	1658	0.127404	564
JXNU/RNN	1659	0.322999	1671
JXNU/RNN	1660	0.036040	35
JXNU/RNN	1661	0.203734	1053
JXNU/RNN	1662	0.105171	430
JXNU/RNN	1663	0.039508	43
JXNU/RNN	1664	0.304240	1580
JXNU/RNN	1665	0.408983	1922
JXNU/RNN	1666	0.295932	1540
JXNU/RNN	1667	0.072681	231
JXNU/RNN	1668	0.184008	922
JXNU/RNN	1669	0.202081	1040
JXNU/RNN	1670	0.054850	134
JXNU/RNN	1671	0.120847	515
JXNU/RNN	1672	0.266558	1401
JXNU/RNN	1673	0.333615	1716
JXNU/RNN	1674	0.181629	910
JXNU/RNN	1675	0.069126	216
JXNU/RNN	1676	0.153110	734
JXNU/RNN	1677	0.176297	881
JXNU/RNN	1678	0.297661	1550
JXNU/RNN	1679	0.063996	182
JXNU/RNN	1680	0.131005	589
JXNU/RNN	1681	0.350516	1779
JXNU/RNN	1682	0.277331	1456
JXNU/RNN	1683	0.162165	797
JXNU/RNN	1684	0.370555	1845
JXNU/RNN	1685	0.198414	1019
JXNU/RNN	1686	0.342802	1748
JXNU/RNN	1687	0.300866	1560
JXNU/RNN	1688	0.101595	412
JXNU/RNN	1689	0.188095	948
JXNU/RNN	1690	0.331009	1705
JXNU/RNN	1691	0.459015	1980
JXNU/RNN	1692	0.026812	12
JXNU/RNN	1693	0.124192	539
JXNU/RNN	1694	0.199293	1025
JXNU/RNN	1695	0.271299	1422
JXNU/RNN	1696	0.058613	155
JXNU/RNN	1697	0.386704	1877
JXNU/RNN	1698	0.050838	109
JXNU/RNN	1699	0.144290	671
JXNU/RNN	1700	0.217237	1138
JXNU/RNN	1701	0.144459	674
JXNU/RNN	1702	0.412141	1925
JXNU/RNN	1703	0.124625	544
JXNU/RNN	1704	0.343290	1750
JXNU/RNN	1705	0.236644	1245
JXNU/RNN	1706	0.182076	913
JXNU/RNN	1707	0.359604	1804
JXNU/RNN	1708	0.076698	259
JXNU/RNN	1709	0.098413	390
JXNU/RNN	1710	0.072862	233
JXNU/RNN	1711	0.336103	1722
JXNU/RNN	1712	0.104680	428
JXNU/RNN	1713	0.036024	34
JXNU/RNN	1714	0.046426	75
JXNU/RNN	1715	0.311271	1615
JXNU/RNN	1716	0.095661	378
JXNU/RNN	1717	0.289477	1516
JXNU/RNN	1718	0.345450	1758
JXNU/RNN	1719	0.294989	1537
JXNU/RNN	1720	0.121772	523
JXNU/RNN	1721	0.246057	1295
JXNU/RNN	1722	0.344209	1757
JXNU/RNN	1723	0.203485	1050
JXNU/RNN	1724	0.204720	1059
JXNU/RNN	1725	0.046105	73
JXNU/RNN	1726	0.361230	1814
JXNU/RNN	1727	0.251310	1324
JXNU/RNN	1728	0.122034	526
JXNU/RNN	1729	0.035342	31
JXNU/RNN	1730	0.100879	407
JXNU/RNN	1731	0.440480	1959
JXNU/RNN	1732	0.212824	1110
JXNU/RNN	1733	0.161625	791
JXNU/RNN	1734	0.155832	755
JXNU/RNN	1735	0.405157	1911
JXNU/RNN	1736	0.131026	590
JXNU/RNN	1737	0.247362	1302
JXNU/RNN	1738	0.132072	596
JXNU/RNN	1739	0.182161	915
JXNU/RNN	1740	0.382367	1868
JXNU/RNN	1741	0.142904	665
JXNU/RNN	1742	0.313258	1622
JXNU/RNN	1743	0.317388	1641
JXNU/RNN	1744	0.265640	1398
JXNU/RNN	1745	0.022526	9
JXNU/RNN	1746	0.156170	758
JXNU/RNN	1747	0.140095	651
JXNU/RNN	1748	0.180556	905
JXNU/RNN	1749	0.196045	1003
JXNU/RNN	1750	0.331722	1707
JXNU/RNN	1751	0.118048	502
JXNU/RNN	1752	0.140091	650
JXNU/RNN	1753	0.089686	345
JXNU/RNN	1754	0.161739	794
JXNU/RNN	1755	0.298456	1555
JXNU/RNN	1756	0.176053	879
JXNU/RNN	1757	0.075327	249
JXNU/RNN	1758	0.082993	302
JXNU/RNN	1759	0.365474	1829
JXNU/RNN	1760	0.200597	1033
JXNU/RNN	1761	0.063302	178
JXNU/RNN	1762	0.378702	1859
JXNU/RNN	1763	0.147696	698
JXNU/RNN	1764	0.235429	1237
JXNU/RNN	1765	0.302936	1575
JXNU/RNN	1766	0.170119	851
JXNU/RNN	1767	0.203636	1051
JXNU/RNN	1768	0.121129	517
JXNU/RNN	1769	0.178549	890
JXNU/RNN	1770	0.081294	288
JXNU/RNN	1771	0.290295	1519
JXNU/RNN	1772	0.061899	171
JXNU/RNN	1773	0.184247	924
JXNU/RNN	1774	0.059702	162
JXNU/RNN	1775	0.180091	902
JXNU/RNN	1776	0.235913	1239
JXNU/RNN	1777	0.252466	1330
JXNU/RNN	1778	0.131697	592
JXNU/RNN	1779	0.228149	1198
JXNU/RNN	1780	0.074581	244
JXNU/RNN	1781	0.379065	1861
JXNU/RNN	1782	0.317371	1640
JXNU/RNN	1783	0.355376	1796
JXNU/RNN	1784	0.191232	974
JXNU/RNN	1785	0.172015	860
JXNU/RNN	1786	0.192917	983
JXNU/RNN	1787	0.203967	1055
JXNU/RNN	1788	0.203243	1048
JXNU/RNN	1789	0.212418	1105
JXNU/RNN	1790	0.301121	1562
JXNU/RNN	1791	0.327758	1691
JXNU/RNN	1792	0.212649	1108
JXNU/RNN	1793	0.075488	250
JXNU/RNN	1794	0.013182	2
JXNU/RNN	1795	0.476420	1985
JXNU/RNN	1796	0.103104	421
JXNU/RNN	1797	0.244813	1291
JXNU/RNN	1798	0.124089	538
JXNU/RNN	1799	0.166373	819
JXNU/RNN	1800	0.120285	511
JXNU/RNN	1801	0.315394	1633
JXNU/RNN	1802	0.145639	682
JXNU/RNN	1803	0.240590	1265
JXNU/RNN	1804	0.197326	1013
JXNU/RNN	1805	0.137496	630
JXNU/RNN	1806	0.153403	735
JXNU/RNN	1807	0.218758	1150
JXNU/RNN	1808	0.160543	783
JXNU/RNN	1809	0.260597	1381
JXNU/RNN	1810	0.171709	858
JXNU/RNN	1811	0.425504	1941
JXNU/RNN	1812	0.233276	1224
JXNU/RNN	1813	0.303305	1576
JXNU/RNN	1814	0.252893	1337
JXNU/RNN	1815	0.139657	647
JXNU/RNN	1816	0.183985	921
JXNU/RNN	1817	0.402238	1905
JXNU/RNN	1818	0.310480	1611
JXNU/RNN	1819	0.234622	1231
JXNU/RNN	1820	0.076732	260
JXNU/RNN	1821	0.187680	944
JXNU/RNN	1822	0.162423	798
JXNU/RNN	1823	0.084018	309
JXNU/RNN	1824	0.170940	854
JXNU/RNN	1825	0.390816	1881
JXNU/RNN	1826	0.350117	1777
JXNU/RNN	1827	0.146206	687
JXNU/RNN	1828	0.304501	1583
JXNU/RNN	1829	0.147313	696
JXNU/RNN	1830	0.269162	1413
JXNU/RNN	1831	0.289123	1511
JXNU/RNN	1832	0.188249	949
JXNU/RNN	1833	0.244266	1288
JXNU/RNN	1834	0.108503	451
JXNU/RNN	1835	0.238671	1255
JXNU/RNN	1836	0.247414	1304
JXNU/RNN	1837	0.072545	228
JXNU/RNN	1838	0.188762	955
JXNU/RNN	1839	0.084036	310
JXNU/RNN	1840	0.030684	20
JXNU/RNN	1841	0.309523	1608
JXNU/RNN	1842	0.054452	131
JXNU/RNN	1843	0.202026	1039
JXNU/RNN	1844	0.392586	1886
JXNU/RNN	1845	0.188045	947
JXNU/RNN	1846	0.160572	784
JXNU/RNN	1847	0.137514	631
JXNU/RNN	1848	0.107022	438
JXNU/RNN	1849	0.115127	486
JXNU/RNN	1850	0.093496	368
JXNU/RNN	1851	0.097067	385
JXNU/RNN	1852	0.114049	479
JXNU/RNN	1853	0.277160	1454
JXNU/RNN	1854	0.128605	571
JXNU/RNN	1855	0.168188	829
JXNU/RNN	1856	0.322455	1668
JXNU/RNN	1857	0.145785	683
JXNU/RNN	1858	0.307434	1597
JXNU/RNN	1859	0.243589	1285
JXNU/RNN	1860	0.117733	499
JXNU/RNN	1861	0.053304	126
JXNU/RNN	1862	0.193799	987
JXNU/RNN	1863	0.096275	381
JXNU/RNN	1864	0.140009	648
JXNU/RNN	1865	0.273448	1437
JXNU/RNN	1866	0.323240	1674
JXNU/RNN	1867	0.273353	1436
JXNU/RNN	1868	0.149665	713
JXNU/RNN	1869	0.119080	505
JXNU/RNN	1870	0.257256	1364
JXNU/RNN	1871	0.131858	593
JXNU/RNN	1872	0.062212	173
JXNU/RNN	1873	0.078200	274
JXNU/RNN	1874	0.318040	1644
JXNU/RNN	1875	0.365888	1831
JXNU/RNN	1876	0.279758	1464
JXNU/RNN	1877	0.046672	80
JXNU/RNN	1878	0.071978	226
JXNU/RNN	1879	0.095646	377
JXNU/RNN	1880	0.401964	1904
JXNU/RNN	1881	0.122141	528
JXNU/RNN	1882	0.061002	167
JXNU/RNN	1883	0.208976	1086
JXNU/RNN	1884	0.414774	1931
JXNU/RNN	1885	0.082669	299
JXNU/RNN	1886	0.271934	1426
JXNU/RNN	1887	0.239362	1258
JXNU/RNN	1888	0.132519	602
JXNU/RNN	1889	0.321774	1663
JXNU/RNN	1890	0.051922	117
JXNU/RNN	1891	0.215877	1130
JXNU/RNN	1892	0.443781	1967
JXNU/RNN	1893	0.040673	48
JXNU/RNN	1894	0.175635	875
JXNU/RNN	1895	0.044296	65
JXNU/RNN	1896	0.320371	1657
JXNU/RNN	1897	0.200499	1032
JXNU/RNN	1898	0.236941	1249
JXNU/RNN	1899	0.210065	1093
JXNU/RNN	1900	0.199110	1022
JXNU/RNN	1901	0.440554	1960
JXNU/RNN	1902	0.152599	730
JXNU/RNN	1903	0.190063	968
JXNU/RNN	1904	0.147446	697
JXNU/RNN	1905	0.134963	615
JXNU/RNN	1906	0.287522	1507
JXNU/RNN	1907	0.107114	440
JXNU/RNN	1908	0.163194	802
JXNU/RNN	1909	0.206457	1068
JXNU/RNN	1910	0.224769	1180
JXNU/RNN	1911	0.177093	886
JXNU/RNN	1912	0.050062	101
JXNU/RNN	1913	0.065242	191
JXNU/RNN	1914	0.190051	967
JXNU/RNN	1915	0.158414	770
JXNU/RNN	1916	0.192816	982
JXNU/RNN	1917	0.045388	70
JXNU/RNN	1918	0.443479	1966
JXNU/RNN	1919	0.400264	1903
JXNU/RNN	1920	0.275240	1446
JXNU/RNN	1921	0.350168	1778
JXNU/RNN	1922	0.312671	1621
JXNU/RNN	1923	0.350802	1781
JXNU/RNN	1924	0.179095	892
JXNU/RNN	1925	0.167972	826
JXNU/RNN	1926	0.049929	98
JXNU/RNN	1927	0.042293	55
JXNU/RNN	1928	0.115459	489
JXNU/RNN	1929	0.066847	201
JXNU/RNN	1930	0.255469	1352
JXNU/RNN	1931	0.489142	1988
JXNU/RNN	1932	0.415659	1932
JXNU/RNN	1933	0.042479	57
JXNU/RNN	1934	0.253012	1338
JXNU/RNN	1935	0.069376	218
JXNU/RNN	1936	0.169667	847
JXNU/RNN	1937	0.045050	67
JXNU/RNN	1938	0.045439	71
JXNU/RNN	1939	0.306852	1596
JXNU/RNN	1940	0.353334	1788
JXNU/RNN	1941	0.244297	1289
JXNU/RNN	1942	0.059608	161
JXNU/RNN	1943	0.342835	1749
JXNU/RNN	1944	0.119414	507
JXNU/RNN	1945	0.289198	1514
JXNU/RNN	1946	0.241038	1268
JXNU/RNN	1947	0.148596	705
JXNU/RNN	1948	0.161284	787
JXNU/RNN	1949	0.233102	1222
JXNU/RNN	1950	0.367098	1836
JXNU/RNN	1951	0.263135	1390
JXNU/RNN	1952	0.129824	578
JXNU/RNN	1953	0.151429	726
JXNU/RNN	1954	0.345631	1759
JXNU/RNN	1955	0.329347	1697
JXNU/RNN	1956	0.216076	1132
JXNU/RNN	1957	0.109908	456
JXNU/RNN	1958	0.123121	534
JXNU/RNN	1959	0.171771	859
JXNU/RNN	1960	0.221705	1170
JXNU/RNN	1961	0.105418	431
JXNU/RNN	1962	0.147291	695
JXNU/RNN	1963	0.245619	1294
JXNU/RNN	1964	0.201140	1036
JXNU/RNN	1965	0.338134	1731
JXNU/RNN	1966	0.063141	177
JXNU/RNN	1967	0.131910	594
JXNU/RNN	1968	0.314944	1629
JXNU/RNN	1969	0.153094	732
JXNU/RNN	1970	0.174591	869
JXNU/RNN	1971	0.254593	1346
JXNU/RNN	1972	0.101784	415
JXNU/RNN	1973	0.075034	248
JXNU/RNN	1974	0.407746	1919
JXNU/RNN	1975	0.069525	219
JXNU/RNN	1976	0.077376	266
JXNU/RNN	1977	0.062724	176
JXNU/RNN	1978	0.212885	1111
JXNU/RNN	1979	0.161316	789
JXNU/RNN	1980	0.251078	1322
JXNU/RNN	1981	0.147113	692
JXNU/RNN	1982	0.336628	1726
JXNU/RNN	1983	0.333494	1715
JXNU/RNN	1984	0.130265	581
JXNU/RNN	1985	0.058579	154
JXNU/RNN	1986	0.170312	852
JXNU/RNN	1987	0.232506	1215
JXNU/RNN	1988	0.206754	1071
JXNU/RNN	1989	0.076427	257
JXNU/RNN	1990	0.308141	1603
JXNU/RNN	1991	0.250416	1319
JXNU/RNN	1992	0.234582	1230
JXNU/RNN	1993	0.092224	359
JXNU/RNN	1994	0.208647	1082
JXNU/RNN	1995	0.057133	147
JXNU/RNN	1996	0.106164	434
JXNU/RNN	1997	0.303403	1578
JXNU/RNN	1998	0.290496	1520
JXNU/RNN	1999	0.394157	1890
JXNU/RNN	2000	0.051021	110
